company,search_company,review
"Adobe, Inc.",Adobe,11000
"Advance Auto Parts, Inc.",Advance Auto Parts,5000
"Advanced Micro Devices, Inc.",AMD,5000
AGCO Corp.,AGCO Corporation,7
"Agilent Technologies, Inc.",Agilent Technologies,3000
"Air Products & Chemicals, Inc.",Air Products,2000
"Akamai Technologies, Inc.",Akamai,3000
Altus Group Ltd.,Altus Group,786
Amdocs Ltd.,Amdocs,13000
American Homes 4 Rent,AMH,635
"American Tire Distributors, Inc.",American Tire Distributors,568
American Tower Corp.,American Tower,1000
"Annaly Capital Management, Inc.",Annaly Capital Management,29
"Applied Materials, Inc.",Applied Materials,5000
"AptarGroup, Inc.",Aptar,593
"Arrow Electronics, Inc.",Arrow Electronics,3000
"Automatic Data Processing, Inc.",ADP,22000
"AutoNation, Inc.",AutoNation,2000
"AutoZone, Inc.",AutoZone,7000
"AvalonBay Communities, Inc.",AvalonBay Communities,1000
"Avantor, Inc.",Avantor,1000
"Avis Budget Group, Inc.",Avis Budget Group,4000
"Avnet, Inc.",Avnet,2000
"Azenta, Inc.",Azenta Life Sciences,242
Ball Corp.,Ball Corporation,1000
"Bio-Rad Laboratories, Inc.",Bio-Rad Laboratories,1000
Bio-Techne Corp.,Bio-Techne,509
"BorgWarner, Inc.",BorgWarner,2000
"Boston Properties, Inc.",Boston Properties,179
"Brixmor Property Group, Inc.",Brixmor,134
"BRP, Inc.",BRP,806
Bruce Power LP,Bruce Temporary Services,2
"Cadence Design Systems, Inc.",Cadence Design Systems,3000
Canadian National Railway Co.,CN,2000
"Cardinal Health, Inc.",Cardinal Health,5000
"CarMax, Inc.",CarMax,8000
"Carter's, Inc.",Carter's,3000
"CBRE Group, Inc.",CBRE Group Inc,1
CDW Corp.,CDW,5000
"Celestica, Inc.",Celestica,1000
"Cencora, Inc.",Cencora,2000
"Charles River Laboratories International, Inc.",Charles River Laboratories,2000
Choice Properties Real Estate Investment Trust,,0
"Cirrus Logic, Inc.",Cirrus Logic,383
"Cisco Systems, Inc.",Cisco,36000
"Cogeco Communications, Inc.",COGECO,261
Cognex Corp.,Cognex,457
Cognizant Technology Solutions Corp.,Cognizant Technology Solutions,114000
"Colliers International Group, Inc.",Colliers,3000
"Convergent Energy & Power, Inc.",Convergent Energy and Power,15
"Cousins Properties, Inc.",Cousins Properties,50
"Crown Castle, Inc.",Crown Castle,1000
"Crown Holdings, Inc.","Crown Holdings, Inc.",557
Danaher Corp.,Danaher,858
"Darling Ingredients, Inc.",Darling Ingredients,244
"Dentsply Sirona, Inc.",Dentsply Sirona,1000
"Digital Realty Trust, Inc.",Digital Realty,618
"Dolby Laboratories, Inc.",Dolby,794
Dream Industrial Real Estate Investment Trust,,0
DXC Technology Co.,DXC Technology,28000
"Ecolab, Inc.",Ecolab,6000
"Electronic Arts, Inc.",Electronic Arts,5000
"Elevance Health, Inc.",Elevance Health,6000
"Enbridge, Inc.",Enbridge,2000
Enterprise Products Partners LP,Enterprise Products,528
Equity Residential,Equity Residential,1000
"Essex Property Trust, Inc.",Essex Property Trust,825
"Finning International, Inc.",Finning,513
First Capital Real Estate Investment Trust,,0
First West Credit Union,First West Credit Union,123
Flex Ltd.,Flex,7000
Fox Corp.,Fox Corporation,225
Franco-Nevada Corp.,Franco-Nevada,7
Freehold Royalties Ltd.,Freehold Royalties,0
"Frontdoor, Inc.",Frontdoor,182
"General Mills, Inc.",General Mills,5000
Genuine Parts Co.,Genuine Parts Company,507
"Gibson Energy, Inc.",Gibson Energy,131
"Gildan Activewear, Inc.",Gildan,374
"GLOBALFOUNDRIES, Inc.",GlobalFoundries,3000
"Graham Packaging Co., Inc.",Graham Packaging,507
Granite Real Estate Investment Trust,Granite REIT,12
"Guidewire Software, Inc.",Guidewire,1000
"Hasbro, Inc.",Hasbro,1000
"Healthpeak Properties, Inc.",Healthpeak Properties,47
"Henry Schein, Inc.",Henry Schein,2000
Hewlett Packard Enterprise Co.,Hewlett Packard Enterprise,13
"Highwoods Properties, Inc.",Highwoods Properties,53
"Host Hotels & Resorts, Inc.",Host Hotels & Resorts,17
"HP, Inc.",HP Inc.,11000
Hydro One Ltd.,Hydro One,747
"IGM Financial, Inc.",IGM Financial,76
"Illumina, Inc.",Illumina,3000
"Ingersoll Rand, Inc.",Ingersoll Rand,988
Inter-American Development Bank,Inter-American Development Bank,870
Inter-American Investment Corp.,Inter-American Investment Corporation,24
International Bank for Reconstruction & Development,The World Bank,4000
International Business Machines Corp.,IBM,120000
International Finance Corp.,,0
"Interpublic Group of Cos., Inc.",Interpublic Group,443
IPG Photonics Corp.,IPG Photonics,288
"Iron Mountain, Inc.",Iron Mountain,3000
"J.B. Hunt Transport Services, Inc.",J.B. Hunt Transport,4000
"Jabil, Inc.",Jabil,4000
"Jacobs Engineering Group, Inc.",Jacobs,8000
"Jones Lang LaSalle, Inc.",Jones Lang LaSalle,13000
"Keysight Technologies, Inc.",Keysight Technologies,3000
Killam Apartment REIT,Killam,44
Kilroy Realty Corp.,Kilroy Realty,70
Kimco Realty Corp.,Kimco Realty,128
"Kinaxis, Inc.",Kinaxis,453
"Kinder Morgan, Inc.",Kinder Morgan,1000
"L3Harris Technologies, Inc.",L3Harris,5000
Labrador Iron Ore Royalty Corp.,,0
Lam Research Corp.,Lam Research,2000
Lear Corp.,Lear Corporation,3000
"Life Storage, Inc.",Life Storage,394
"Lithia Motors, Inc.",Lithia & Driveway,863
LKQ Corp.,LKQ,1000
"Lowe's Companies, Inc.",Lowe's Home Improvement,45000
"Lumentum Holdings, Inc.",Lumentum Operations,583
"ManpowerGroup, Inc.",ManpowerGroup,3000
"Maravai Lifesciences Holdings, Inc.",Maravai LifeSciences,17
Massachusetts Mutual Life Insurance Co.,MassMutual,3000
McKesson Corp.,McKesson,6000
"Mettler-Toledo International, Inc.",Mettler-Toledo,1000
Microsoft Corp.,Microsoft,59000
"Mid-America Apartment Communities, Inc.",MAA,710
"MKS Instruments, Inc.",MKS Instruments,391
"Mohawk Industries, Inc.",Mohawk Industries,1000
"Motorola Solutions, Inc.",Motorola Solutions,5000
"Nasdaq, Inc.",Nasdaq,1000
National Instruments Corp.,National Instruments,3000
News Corp.,News Corp,983
NVIDIA Corp.,NVIDIA,6000
Oncor Electric Delivery Co. LLC,,0
"Ontario Power Generation, Inc.",Ontario Power Generation,1000
"Opendoor Technologies, Inc.",Opendoor,919
Oracle Corp.,Oracle,57000
"O'Reilly Automotive, Inc.",O'Reilly Auto Parts,4000
Osisko Gold Royalties Ltd.,Osisko,13
Otis Worldwide Corp.,,0
"Palo Alto Networks, Inc.",Palo Alto Networks,3000
"Parex Resources, Inc.",Parex Resources,16
Pembina Pipeline Corp.,Pembina Pipeline Corp,258
"Penske Automotive Group, Inc.",Penske Automotive Group,838
"PepsiCo, Inc.",PepsiCo,22000
Pfizer Inc.,Pfizer,11000
Polaris Inc.,Polaris,1000
Pool Corp.,Pool,6
PrairieSky Royalty Ltd.,PrairieSky Royalty,13
"Principal Financial Group, Inc.",Principal Financial Group,3000
"Prologis, Inc.",Prologis,491
Public Storage,Public Storage,2000
"QUALCOMM, Inc.",Qualcomm,11000
"Rayonier, Inc.",Rayonier,140
"Recursion Pharmaceuticals, Inc.",Recursion Pharmaceuticals,141
Regency Centers Corp.,Regency Centers,132
"Regeneron Pharmaceuticals, Inc.",Regeneron,2000
Repligen Corp.,Repligen,175
"Revvity, Inc.",Revvity,124
"Rexford Industrial Realty, Inc.",Rexford Industrial,63
RioCan Real Estate Investment Trust,RioCan,112
"Robert Half, Inc.",Robert Half,14000
"Royal Gold, Inc.",Royal Gold,0
"Ryder System, Inc.",Ryder System,3000
"Salesforce, Inc.",Salesforce,22000
Sandstorm Gold Ltd.,,0
SBA Communications Corp.,SBA Communications,642
Seagate Technology Holdings Plc,Seagate Technology,3000
Sensata Technologies Holding Plc,Sensata Technologies,1000
"Simon Property Group, Inc.",Simon Property Group,836
SL Green Realty Corp.,SL Green Realty,83
Spin Master Corp.,Spin Master,558
"Stantec, Inc.",Stantec,3000
"Starwood Property Trust, Inc.",Starwood Property,52
"Sun Life Financial, Inc.","Sun Pharmaceutical Industries, Inc.",1000
"Synopsys, Inc.",Synopsys,4000
"Take-Two Interactive Software, Inc.",Take-Two,181
TD SYNNEX Corp.,TD SYNNEX,1000
Teck Resources Limited,Teck Resources Limited,994
"TELUS International (CDA), Inc.",TELUS Digital,6000
Texas Pacific Land Corp.,Texas Pacific Land Trust,1
The Cigna Group,The Cigna Group,7000
"The Descartes Systems Group, Inc.",,0
The Hershey Co.,The Hershey Company,2000
"The Home Depot, Inc.",The Home Depot,54000
The New York Times Co.,New York Times,985
The Western Union Co.,Western Union,3000
"The Williams Cos., Inc.","Williams-Sonoma, Inc.",4000
"Thermo Fisher Scientific, Inc.",Thermo Fisher Scientific,13000
Topaz Energy Corp.,Topaz,101
"Trimble, Inc.",Trimble,2000
Triple Flag Precious Metals Corp.,,0
"Udemy, Inc.",Udemy,690
"UnitedHealth Group, Inc.",UnitedHealth Group,17000
Universal Display Corp.,Universal Display,14
US Foods Holding Corp.,Japan Foods Holding,64
"Valvoline, Inc.",Valvoline,971
"Ventas, Inc.","Ventas, Inc.",76
Vontier Corp.,Vontier,29
"W.W. Grainger, Inc.",Grainger,5000
Waters Corp.,Waters,1000
Welltower OP LLC,,0
Western Digital Corp.,Western Digital,5000
Wheaton Precious Metals Corp.,,0
"Williams-Sonoma, Inc.","Williams-Sonoma, Inc.",4000
Windstream Services LLC,,0
"WSP Global, Inc.",WSP,7000
"Xylem, Inc.",Xylem,1000
"YETI Holdings, Inc.",Yeti (Russia),0
Zebra Technologies Corp.,Zebra Technologies,2000
"Zoetis, Inc.",Zoetis,1000
Zurn Elkay Water Solutions Corp.,Zurn Elkay Water Solutions,782
